deviceId,service_area
10018540,00_长安服务区
10018546,00_长安服务区
10020941,01_长兴服务区
10034837,01_长兴服务区
10034811,01_长兴服务区
10020955,01_长兴服务区
10037710,02_常山服务区
10018670,02_常山服务区
10037736,02_常山服务区
10018652,02_常山服务区
10037628,02_常山服务区
10018714,03_次坞服务区
10018712,03_次坞服务区
10039699,03_次坞服务区
10018706,03_次坞服务区
10018723,03_次坞服务区
10039623,03_次坞服务区
10039799,03_次坞服务区
10017618,04_次坞收费站
10018835,05_德清服务区
10035460,05_德清服务区
10035537,05_德清服务区
10018817,05_德清服务区
10018979,06_德清西服务区
10034785,06_德清西服务区
10034771,06_德清西服务区
10034729,06_德清西服务区
10034741,06_德清西服务区
10018995,06_德清西服务区
10021389,07_东阳服务区
10021163,07_东阳服务区
10021177,07_东阳服务区
10021153,07_东阳服务区
10019031,08_方岩服务区
10019049,08_方岩服务区
10019081,09_奉化服务区
10019071,09_奉化服务区
10019351,10_富阳服务区
10019375,10_富阳服务区
10019385,10_富阳服务区
10034679,10_富阳服务区
10034661,10_富阳服务区
10019337,10_富阳服务区
10034705,10_富阳服务区
10036520,11_湖州服务区
10036556,11_湖州服务区
10036466,11_湖州服务区
10019405,12_沪昆诸暨服务区
10019413,12_沪昆诸暨服务区
10019399,12_沪昆诸暨服务区
10019425,12_沪昆诸暨服务区
10021404,13_嘉兴服务区
10019475,13_嘉兴服务区
10021420,13_嘉兴服务区
10019491,13_嘉兴服务区
10019523,14_建金兰溪服务区
10036350,14_建金兰溪服务区
10019509,14_建金兰溪服务区
10019617,15_江山服务区
10019637,15_江山服务区
10035324,15_江山服务区
10019603,15_江山服务区
10035424,15_江山服务区
10035244,15_江山服务区
10035619,15_江山服务区
10019629,15_江山服务区
10035561,15_江山服务区
10035545,15_江山服务区
10037954,16_金华服务区
10038048,16_金华服务区
10038008,16_金华服务区
10038208,17_景宁服务区
10038247,17_景宁服务区
10019667,18_开化服务区
10019645,18_开化服务区
10019659,18_开化服务区
10019681,18_开化服务区
10036943,18_开化服务区
10019701,19_开化龙顶服务区
10019691,19_开化龙顶服务区
10038066,19_开化龙顶服务区
10037935,21_兰溪服务区
10019711,21_兰溪服务区
10019721,21_兰溪服务区
10019747,22_丽水服务区
10019731,22_丽水服务区
10038550,23_莲都停车区北区
10019773,25_临安服务区
10019761,25_临安服务区
10035911,26_临海服务区
10035929,26_临海服务区
10019779,26_临海服务区
10035838,26_临海服务区
10019799,26_临海服务区
10019793,26_临海服务区
10019811,26_临海服务区
10019831,28_灵溪服务区
10019841,28_灵溪服务区
10019866,29_龙岗服务区
10035121,29_龙岗服务区
10019854,29_龙岗服务区
10019876,30_龙泉服务区
10019888,30_龙泉服务区
10019902,31_芦浦停车区
10019908,31_芦浦停车区
10035982,32_南马服务区
10035887,32_南马服务区
10019918,33_南浦溪服务区
10019926,33_南浦溪服务区
10019948,33_南浦溪服务区
10019960,33_南浦溪服务区
10019988,34_南浔服务区
10035242,34_南浔服务区
10035274,34_南浔服务区
10020004,34_南浔服务区
10035320,34_南浔服务区
10035350,34_南浔服务区
10036152,35_宁海服务区
10048887,35_宁海服务区
10020112,36_磐安服务区
10033684,36_磐安服务区
10020124,36_磐安服务区
10033759,36_磐安服务区
10038169,38_潜川停车区
10038390,38_潜川停车区
10020132,39_桥头服务区
10020144,39_桥头服务区
10020152,39_桥头服务区
10020164,39_桥头服务区
10020170,40_青山服务区
10020182,40_青山服务区
10034065,40_青山服务区
10020188,40_青山服务区
10020200,40_青山服务区
10034189,40_青山服务区
10034235,40_青山服务区
10020206,41_青田服务区
10020220,41_青田服务区
10020232,41_青田服务区
10020234,41_青田服务区
10037467,41_青田服务区
10020244,43_衢江服务区
10020254,43_衢江服务区
10020262,45_衢州服务区
10020270,45_衢州服务区
10038294,45_衢州服务区
10020282,45_衢州服务区
10020294,45_衢州服务区
10020300,46_上虞服务区
10020312,46_上虞服务区
10020322,46_上虞服务区
10020334,46_上虞服务区
10020991,47_绍兴服务区
10021001,47_绍兴服务区
10021011,47_绍兴服务区
10021021,47_绍兴服务区
10038642,47_绍兴服务区
10038825,47_绍兴服务区
10038751,47_绍兴服务区
10038677,47_绍兴服务区
10038890,47_绍兴服务区
10020344,48_嵊州服务区
10020359,48_嵊州服务区
10020371,49_松阳服务区
10035986,49_松阳服务区
10020383,49_松阳服务区
10036270,50_遂昌停车区
10036298,50_遂昌停车区
10020393,52_台州服务区
10035689,52_台州服务区
10020403,52_台州服务区
10035737,52_台州服务区
10020419,53_太湖服务区
10020429,53_太湖服务区
10020715,54_天台服务区
10036552,54_天台服务区
10020725,54_天台服务区
10036616,54_天台服务区
10036677,54_天台服务区
10036708,54_天台服务区
10036705,54_天台服务区
10020733,55_文成服务区
10038516,55_文成服务区
10020741,55_文成服务区
10038520,56_武义服务区
10020749,57_仙居白塔服务区
10021393,57_仙居白塔服务区
10034555,57_仙居白塔服务区
10034577,57_仙居白塔服务区
10020769,57_仙居白塔服务区
10020775,57_仙居白塔服务区
10034609,57_仙居白塔服务区
10034631,57_仙居白塔服务区
10020795,58_仙居服务区
10020793,58_仙居服务区
10036016,58_仙居服务区
10036050,58_仙居服务区
10020801,58_仙居服务区
10020807,58_仙居服务区
10036128,58_仙居服务区
10036154,58_仙居服务区
10020813,59_仙霞服务区
10020819,59_仙霞服务区
10020827,59_仙霞服务区
10020835,59_仙霞服务区
10020843,61_萧山服务区
10020851,61_萧山服务区
10034895,61_萧山服务区
10034909,61_萧山服务区
10034917,61_萧山服务区
10034929,61_萧山服务区
10020859,61_萧山服务区
10020867,61_萧山服务区
10020869,61_萧山服务区
10034961,61_萧山服务区
10034979,61_萧山服务区
10034995,61_萧山服务区
10039981,61_萧山服务区
10020875,62_新昌服务区
10020881,62_新昌服务区
10039303,62_新昌服务区
10039315,62_新昌服务区
10020887,62_新昌服务区
10020893,62_新昌服务区
10039331,62_新昌服务区
10039398,62_新昌服务区
10020903,64_新浦服务区
10038334,64_新浦服务区
10038366,64_新浦服务区
10020907,64_新浦服务区
10020917,64_新浦服务区
10020921,64_新浦服务区
10021035,65_瑶琳服务区
10021047,65_瑶琳服务区
10021053,66_益农服务区
10021067,66_益农服务区
10021079,66_益农服务区
10021087,66_益农服务区
10021097,67_永嘉服务区
10033824,67_永嘉服务区
10021109,67_永嘉服务区
10033865,67_永嘉服务区
10021119,68_永康服务区
10036753,68_永康服务区
10021129,68_永康服务区
10036789,68_永康服务区
10036823,68_永康服务区
10021205,69_余姚服务区
10021213,69_余姚服务区
10021185,69_余姚服务区
10021191,69_余姚服务区
10021237,70_於潜服务区
10021247,70_於潜服务区
10021257,71_云和服务区
10021267,71_云和服务区
10021277,72_舟山服务区
10021283,73_周王庙服务区
10021289,73_周王庙服务区
10039098,73_周王庙服务区
10039141,73_周王庙服务区
10039173,73_周王庙服务区
10039189,73_周王庙服务区
10021295,73_周王庙服务区
10021349,73_周王庙服务区
10039249,73_周王庙服务区
10039275,73_周王庙服务区
10039333,73_周王庙服务区
10039359,73_周王庙服务区
10021323,75_诸永东阳服务区
10034083,75_诸永东阳服务区
10021343,75_诸永东阳服务区
10034137,75_诸永东阳服务区
10021363,76_诸永诸暨服务区
10021371,76_诸永诸暨服务区
10021379,76_诸永诸暨服务区
10021387,76_诸永诸暨服务区
10039697,76_诸永诸暨服务区
10039731,76_诸永诸暨服务区
